bsz,kv_length,Cache_Size,Mean,Median,P25,P75
64,100,7372800,0.001744169684825465,0.0017439901642501356,0.0017439619882497937,0.0017441969917854295
64,187,13787136,0.0030235492502106356,0.0030236210057046266,0.0030229841702384876,0.003024186085676774
64,351,25878528,0.005421706765191629,0.005421706765191629,0.005421263082535006,0.005422150447848253
64,657,48439296,0.00999283717352558,0.009992293221876026,0.009988027496729047,0.009995861258357764
64,1232,90832896,0.016645339583711966,0.0166417479980737,0.01664035759167746,0.016651454800739884
64,2310,170311680,0.0342661622678861,0.03426760858856141,0.034264556050766254,0.034268491645343596
64,4328,319094784,0.05815369726365639,0.05814902042038739,0.058123658469412476,0.05819580948445946
64,8111,598007808,0.10224058807361872,0.1022326978854835,0.10222597041865811,0.10227438126457855
