bsz,kv_length,Cache_Size,Mean,Median,P25,P75
64,100,7372800,0.00704077722504735,0.00704077722504735,0.007040421642595902,0.007041132807498798
64,187,13787136,0.009094309463927691,0.009092829306609929,0.009090726752765477,0.009097914863377809
64,351,25878528,0.01382147740223445,0.013822202163282782,0.013817693351302295,0.013827571435831488
64,657,48439296,0.025584465323481707,0.0255894934409298,0.025584242370678113,0.0255897163937334
64,1232,90832896,0.043501617705139016,0.04352439809590578,0.043488491955213246,0.043526133650448176
64,2310,170311680,0.08272657749386361,0.08274988806806505,0.08273208816535771,0.08277023816481233
64,4328,319094784,0.14974454487673938,0.1498210879508406,0.14979833760298789,0.14983156800735742
64,8111,598007808,0.28459769883193076,0.28461028914898634,0.28439077734947205,0.28481721063144505
