bsz,kv_length,Cache_Size,Mean,Median,P25,P75
64,100,7372800,0.003893871390415976,0.0038938933913595973,0.003893825390841812,0.0038939283904619515
64,187,13787136,0.005900150298839435,0.005900150298839435,0.005900041213608346,0.005900259384070523
64,351,25878528,0.010667363405227661,0.010668304562568665,0.010665966680971905,0.010669308755313977
64,657,48439296,0.022424862137995657,0.022437066305428743,0.022403249889612196,0.02243995030876249
64,1232,90832896,0.040646388353779914,0.04065354308113456,0.04064323310740292,0.04066572291776538
64,2310,170311680,0.07946791397765852,0.07950285286642611,0.0794905829243362,0.07950862287543714
64,4328,319094784,0.14641691504844598,0.14650452509522438,0.1464775790227577,0.14650890498887748
64,8111,598007808,0.28145579318515956,0.2814153094077483,0.28133976086974144,0.2815313417231664
