bsz,kv_length,Cache_Size,Mean,Median,P25,P75
64,100,524288000,0.0004131519696675241,0.000413123708916828,0.0004130374224623665,0.0004132523864973336
64,187,980418560,0.0006690835899207741,0.0006690835899207741,0.0006690687818918377,0.0006690983979497104
64,351,1840250880,0.0010560313120950011,0.0010558941552881152,0.0010557206335943192,0.0010561139916535466
64,657,3444572160,0.0018488331119685122,0.0018487991101574152,0.0018487322848523037,0.0018489496427355333
64,1232,6459228160,0.0022466034134849904,0.0022465194086544217,0.0022463305108249188,0.0022469696193002163
64,2310,12111052800,0.0050111513049341735,0.0050111513049341735,0.005010713947704062,0.005011588662164286
64,4328,22691184640,0.005586042199283839,0.005586042199283839,0.005552462853956968,0.005619621544610709
64,8111,42524999680,0.02133164062164724,0.021330278017558157,0.02132890298962593,0.021336290100589395
64,15199,79686533120,0.039369224167118466,0.039368694787845014,0.03936789579456672,0.03937028785003349
