bsz,kv_length,Cache_Size,Mean,Median,P25,P75
64,100,7372800,0.0014330218276674192,0.0014327382715418934,0.001432483260286972,0.0014336246298626066
64,187,13787136,0.002557107427273877,0.0025571600790135563,0.002557032676995732,0.0025572348292917015
64,351,25878528,0.004557578770909458,0.0045576894097030165,0.004557328850496561,0.0045578840107191355
64,657,48439296,0.008453418207742895,0.008452365698758513,0.008452057698741555,0.008455189532833175
64,1232,90832896,0.014583912258967756,0.014584167301654816,0.014582958247046918,0.01458485776092857
64,2310,170311680,0.0280850826529786,0.02806988515658304,0.02801654767827131,0.02813842013129033
64,4328,319094784,0.049405425406681996,0.04936621540691703,0.04931980755645782,0.04947143825702369
64,8111,598007808,0.10542298536747693,0.10510203195735812,0.10443962458521128,0.10630166047485545
